[{"model": "rooms.room", "pk": 1, "fields": {"name": "Turquoise Double Room", "intro": "The Turquoise Double Room is a spacious room of 30m2 and is located on the ground.\r\nThe room has a bathroom ‘en-suite’ and a large window with direct access to the patio of a large terras.\r\n\r\nAs the name already suggest, the room has subtle touches of Turquoise, mainly noticeable in the typical Portuguese 'Azulejos' (tiles) in the bathroom.", "description": "The Turquoise Double Room is a spacious room of 30m2 and is located on the ground.\r\nThe room has a bathroom ‘en-suite’ and a large window with direct access to the patio of a large terras.\r\n\r\nAs the name already suggest, the room has subtle touches of Turquoise, mainly noticeable in the typical Portuguese 'Azulejos' (tiles) in the bathroom. \r\n\r\nIn the room you can find some blankets to use on the patio if you want to enjoy the beautiful sunset accompanied with a glass of wine or a cup of tea. Right outside your room, you can find comfortable lounge chairs. You will also find an information box containing the tips and tricks about the Silver Coast. \r\n\r\nIn the bathroom you can find various amenities from Rituals, a hairdryer and so on. \r\n\r\nUpon request a 3rd bed can be added in the room at an additional cost of €15 per night, including breakfast. Due to limited availability, it is currently not possible to book the extra bed online. Please send us an email or call us to request this.", "price": "80.00", "max_number_of_guests": 2}}, {"model": "rooms.room", "pk": 2, "fields": {"name": "Azul Double Room", "intro": "The Azul Double Room is a spacious room of 30m2 and is located on the ground.\r\nThe room has a bathroom ‘en-suite’ and a large window with direct access to the patio of a large terras.\r\n\r\nAs the name already suggest, the room has subtle touches of Azul (Blue), mainly noticeable in the typical Portuguese 'Azulejos' (tiles) in the bathroom.", "description": "The Azul Double Room is a spacious room of 30m2 and is located on the ground.\r\nThe room has a bathroom ‘en-suite’ and a large window with direct access to the patio of a large terras.\r\n\r\nAs the name already suggest, the room has subtle touches of Azul (Blue), mainly noticeable in the typical Portuguese 'Azulejos' (tiles) in the bathroom.In the room you can find some blankets to use on the patio if you want to enjoy the beautiful sunset accompanied with a glass of wine or a cup of tea. Right outside your room, you can find comfortable lounge chairs. You will also find an information box containing the tips and tricks about the Silver Coast. \r\n\r\nIn the bathroom you can find various amenities from Rituals, a hairdryer and so on. \r\n\r\nUpon request a 3rd bed can be added in the room at an additional cost of €15 per night, including breakfast. Due to limited availability, it is currently not possible to book the extra bed online. Please send us an email or call us to request this.", "price": "80.00", "max_number_of_guests": 2}}, {"model": "rooms.room", "pk": 3, "fields": {"name": "Amarelo Double Room", "intro": "The Amarelo Double Room is a spacious room of 30m2 and is located on the first floor. \r\nThe room has a bathroom ‘en-suite’ and has the only access to a private terrace upstairs with a beautiful view over the surroundings. The perfect spot for a cup of tea to end the day.\r\n\r\nAs the name already suggest, the room has subtle touches of Amarelo (yellow), mainly noticeable in the typical Portuguese 'Azulejos' (tiles) in the bathroom.", "description": "The Amarelo Double Room is a spacious room of 30m2 and is located on the first floor. \r\nThe room has a bathroom ‘en-suite’ and has the only access to a private terrace upstairs with a beautiful view over the surroundings. The perfect spot for a cup of tea to end the day.\r\n\r\nAs the name already suggeast, the room has subtle touches of Amarelo (yellow), mainly noticeable in the typical Portuguese 'Azulejos' (tiles) in the bathroom.\r\n\r\nIn the room you can find some blankets to use on the terrace if you want to enjoy the beautiful sunset accompanied with a glass of wine or a cup of tea. You will also find an information box containing the tips and tricks about the Silver Coast. \r\n\r\nIn the bathroom you can find various amenities from Rituals, a hairdryer and so on. \r\n\r\nUpon request a 3rd bed can be added in the room at an additional cost of €15 per night, including breakfast. Due to limited availability, it is currently not possible to book the extra bed online. Please send us an email or call us to request this.", "price": "80.00", "max_number_of_guests": 2}}, {"model": "rooms.image", "pk": 1, "fields": {"room": 1, "image": "turquoise_bedroom_3.jpg", "main_image": true}}, {"model": "rooms.image", "pk": 2, "fields": {"room": 1, "image": "turquoise_bathroom.jpg", "main_image": false}}, {"model": "rooms.image", "pk": 3, "fields": {"room": 1, "image": "turquoise_bedroom_2.jpg", "main_image": false}}, {"model": "rooms.image", "pk": 4, "fields": {"room": 2, "image": "azul_bedroom_2.jpg", "main_image": true}}, {"model": "rooms.image", "pk": 5, "fields": {"room": 2, "image": "azul_bathroom.jpg", "main_image": false}}, {"model": "rooms.image", "pk": 7, "fields": {"room": 2, "image": "azul_bedroom_3.jpg", "main_image": false}}, {"model": "rooms.image", "pk": 8, "fields": {"room": 3, "image": "amarelo_bedroom.jpg", "main_image": true}}, {"model": "rooms.image", "pk": 9, "fields": {"room": 3, "image": "amarelo_bathroom.jpg", "main_image": false}}, {"model": "rooms.image", "pk": 10, "fields": {"room": 3, "image": "hallway.jpg", "main_image": false}}, {"model": "rooms.amenitycategory", "pk": 1, "fields": {"name": "cleaning_and_safety", "friendly_name": "Cleaning & Safety"}}, {"model": "rooms.amenitycategory", "pk": 2, "fields": {"name": "facilities", "friendly_name": "Facilities"}}, {"model": "rooms.amenitycategory", "pk": 3, "fields": {"name": "childrens_facilities", "friendly_name": "Children's Facilities"}}, {"model": "rooms.amenitycategory", "pk": 4, "fields": {"name": "activies_and_experiences", "friendly_name": "Activities & Experiences"}}, {"model": "rooms.amenitycategory", "pk": 5, "fields": {"name": "policies", "friendly_name": "Policies"}}, {"model": "rooms.amenity", "pk": 1, "fields": {"category": 1, "name": "Disinfected daily", "description": ""}}, {"model": "rooms.amenity", "pk": 2, "fields": {"category": 1, "name": "Disinfected between stays", "description": ""}}, {"model": "rooms.amenity", "pk": 3, "fields": {"category": 1, "name": "Hand sanitiser", "description": ""}}, {"model": "rooms.amenity", "pk": 4, "fields": {"category": 1, "name": "Social distancing", "description": ""}}, {"model": "rooms.amenity", "pk": 5, "fields": {"category": 1, "name": "Staff protective clothing", "description": ""}}, {"model": "rooms.amenity", "pk": 6, "fields": {"category": 1, "name": "Contactless check-in/out", "description": ""}}, {"model": "rooms.amenity", "pk": 7, "fields": {"category": 1, "name": "High-touch surfaces disinfected", "description": ""}}, {"model": "rooms.amenity", "pk": 8, "fields": {"category": 1, "name": "Linens washed to local guidelines", "description": ""}}, {"model": "rooms.amenity", "pk": 9, "fields": {"category": 1, "name": "Linens washed above 60°C/140°F", "description": ""}}, {"model": "rooms.amenity", "pk": 10, "fields": {"category": 1, "name": "First aid kit", "description": ""}}, {"model": "rooms.amenity", "pk": 11, "fields": {"category": 1, "name": "Staff trained in safety protocol", "description": ""}}, {"model": "rooms.amenity", "pk": 12, "fields": {"category": 1, "name": "Temperature checks (staff)", "description": ""}}, {"model": "rooms.amenity", "pk": 13, "fields": {"category": 2, "name": "Baggage store", "description": ""}}, {"model": "rooms.amenity", "pk": 14, "fields": {"category": 2, "name": "Bar", "description": ""}}, {"model": "rooms.amenity", "pk": 15, "fields": {"category": 2, "name": "BBQ/Picnic Area", "description": ""}}, {"model": "rooms.amenity", "pk": 16, "fields": {"category": 2, "name": "Free WiFi internet", "description": ""}}, {"model": "rooms.amenity", "pk": 17, "fields": {"category": 2, "name": "Lounge", "description": ""}}, {"model": "rooms.amenity", "pk": 18, "fields": {"category": 2, "name": "Bike lock-up", "description": ""}}, {"model": "rooms.amenity", "pk": 19, "fields": {"category": 2, "name": "Free on-site parking", "description": ""}}, {"model": "rooms.amenity", "pk": 20, "fields": {"category": 3, "name": "Children's books, videos, games", "description": ""}}, {"model": "rooms.amenity", "pk": 21, "fields": {"category": 3, "name": "Highchairs", "description": ""}}, {"model": "rooms.amenity", "pk": 22, "fields": {"category": 4, "name": "Boating", "description": ""}}, {"model": "rooms.amenity", "pk": 23, "fields": {"category": 4, "name": "Bowling alley", "description": ""}}, {"model": "rooms.amenity", "pk": 24, "fields": {"category": 4, "name": "Canoeing", "description": ""}}, {"model": "rooms.amenity", "pk": 25, "fields": {"category": 4, "name": "Cycling", "description": ""}}, {"model": "rooms.amenity", "pk": 26, "fields": {"category": 4, "name": "Fine dining", "description": ""}}, {"model": "rooms.amenity", "pk": 27, "fields": {"category": 4, "name": "Golf", "description": ""}}, {"model": "rooms.amenity", "pk": 28, "fields": {"category": 4, "name": "Horse riding", "description": ""}}, {"model": "rooms.amenity", "pk": 29, "fields": {"category": 4, "name": "Mountain biking", "description": ""}}, {"model": "rooms.amenity", "pk": 30, "fields": {"category": 4, "name": "Art galleries & museums", "description": ""}}, {"model": "rooms.amenity", "pk": 31, "fields": {"category": 4, "name": "Sailing", "description": ""}}, {"model": "rooms.amenity", "pk": 32, "fields": {"category": 4, "name": "Scuba diving", "description": ""}}, {"model": "rooms.amenity", "pk": 33, "fields": {"category": 4, "name": "Surfing", "description": ""}}, {"model": "rooms.amenity", "pk": 34, "fields": {"category": 4, "name": "Walking", "description": ""}}, {"model": "rooms.amenity", "pk": 35, "fields": {"category": 4, "name": "Water activities", "description": ""}}, {"model": "rooms.amenity", "pk": 36, "fields": {"category": 4, "name": "Windsurfing", "description": ""}}, {"model": "rooms.amenity", "pk": 37, "fields": {"category": 4, "name": "Wine tasting", "description": ""}}, {"model": "rooms.amenity", "pk": 38, "fields": {"category": 5, "name": "Check in", "description": "Check in is between 15:00 and 22:00\r\nEarly check in available upon request"}}, {"model": "rooms.amenity", "pk": 39, "fields": {"category": 5, "name": "Check out", "description": "Check out is before 11:00\r\nLate checkout available upon request"}}, {"model": "rooms.amenity", "pk": 40, "fields": {"category": 5, "name": "Pets", "description": "Dogs welcome"}}, {"model": "rooms.amenity", "pk": 41, "fields": {"category": 5, "name": "Smoking Policy", "description": "No smoking"}}]